0,"[['able' 'questions concerns' 'questions' 'question' 'public' 'problems'
  'problem' 'probably' 'private' 'pretty' 'power' 'post' 'possible'
  'position' 'population' 'poor' 'politics' 'politicians' 'quite'
  'political' 'rate' 'real' 'seen' 'school' 'says' 'saying' 'say' 'said'
  'safe' 'rwanda' 'run' 'risk' 'rights' 'right' 'removed' 'remember'
  'reform' 'reason' 'really' 'read' 'sense' 'policy' 'police' 'nhs'
  'news' 'new' 'needs' 'need' 'national' 'mps' 'months' 'money'
  'moderators subredditmessagecomposetorukpolitics' 'moderators' 'media'
  'means' 'mean' 'maybe' 'matter' 'massive' 'number' 'policies' 'numbers'
  'office' 'point' 'pm' 'plan' 'place' 'person' 'performed automatically'
  'performed' 'people' 'paying' 'pay' 'past' 'party' 'parties' 'paid'
  'ones' 'old' 'oh' 'obviously' 'market' 'service' 'set' 'war' 'want'
  'voting' 'voters' 'vote' 'version bot' 'version' 'using' 'used' 'use'
  'unless' 'understand' 'uk' 'trying' 'try' 'truss' 'true' 'wasnt'
  'trans' 'water' 'week' 'yes' 'years' 'year' 'yeah' 'wrong' 'wouldnt'
  'worth' 'worse' 'world' 'works' 'working' 'work' 'wont' 'women' 'win'
  'whats' 'went' 'way' 'services' 'tory' 'today' 'stop' 'state' 'start'
  'starmer' 'spending' 'sort' 'society' 'social' 'snapshot' 'small'
  'situation' 'single' 'simply' 'similar' 'shouldnt' 'shit' 'shes'
  'stuff' 'tories' 'subredditmessagecomposetorukpolitics' 'sunak' 'times'
  'time' 'thought' 'think' 'things' 'thing' 'theyve' 'theyre' 'theres'
  'thats' 'term' 'tell' 'tax' 'talking' 'taking' 'sure' 'support'
  'subredditmessagecomposetorukpolitics questions' 'young' 'man' 'makes'
  'course' 'country' 'countries' 'costs' 'cost' 'contact moderators'
  'contact' 'conservative' 'concerns' 'completely' 'companies' 'comment'
  'coming' 'comes' 'come' 'clearly' 'clear' 'current' 'class' 'currently'
  'days' 'end' 'election' 'economy' 'economic' 'easy' 'dont think'
  'dont know' 'dont' 'doing' 'doesnt' 'does' 'different' 'difference'
  'didnt' 'did' 'despite' 'deal' 'day' 'england' 'claim' 'change'
  'automatically contact' 'automatically' 'asylum' 'article' 'argument'
  'arent' 'archived version' 'archived' 'allowed' 'agree' 'ago' 'age'
  'actually' 'actual' 'action performed' 'action' 'absolutely' 'away'
  'children' 'bad' 'basically' 'certainly' 'case' 'care' 'buy' 'build'
  'british' 'britain' 'brexit' 'bot action' 'bot' 'bit' 'big' 'better'
  'best' 'benefits' 'benefit' 'believe' 'based' 'making' 'entire' 'eu'
  'leave' 'law' 'know' 'kind' 'kids' 'just' 'job' 'left' 'ive' 'issue'
  'isnt' 'instead' 'increase' 'income' 'immigration' 'imagine' 'issues'
  'legal' 'let' 'level' 'make' 'majority' 'low' 'lot' 'looking' 'look'
  'long' 'london' 'local' 'living' 'live' 'little' 'literally' 'line'
  'likely' 'like' 'life' 'especially' 'im' 'im sure' 'idea' 'good'
  'going' 'given' 'getting' 'gets' 'general' 'future' 'fucking' 'free'
  'fine' 'feel' 'far' 'fair' 'fact' 'example' 'exactly' 'evidence' 'got'
  'government' 'great' 'group' 'id' 'huge' 'housing' 'house' 'hope'
  'home' 'higher' 'high' 'ill' 'hes' 'health' 'having' 'havent' 'hard'
  'happen' 'guess' 'help' 'youre' 'labour' 'large']]"
1,"[['able' 'questions concerns' 'questions' 'question' 'public' 'problems'
  'problem' 'probably' 'private' 'pretty' 'power' 'post' 'possible'
  'position' 'population' 'poor' 'politics' 'politicians' 'quite'
  'political' 'rate' 'real' 'seen' 'school' 'says' 'saying' 'say' 'said'
  'safe' 'rwanda' 'run' 'risk' 'rights' 'right' 'removed' 'remember'
  'reform' 'reason' 'really' 'read' 'sense' 'policy' 'police' 'nhs'
  'news' 'new' 'needs' 'need' 'national' 'mps' 'months' 'money'
  'moderators subredditmessagecomposetorukpolitics' 'moderators' 'media'
  'means' 'mean' 'maybe' 'matter' 'massive' 'number' 'policies' 'numbers'
  'office' 'point' 'pm' 'plan' 'place' 'person' 'performed automatically'
  'performed' 'people' 'paying' 'pay' 'past' 'party' 'parties' 'paid'
  'ones' 'old' 'oh' 'obviously' 'market' 'service' 'set' 'war' 'want'
  'voting' 'voters' 'vote' 'version bot' 'version' 'using' 'used' 'use'
  'unless' 'understand' 'uk' 'trying' 'try' 'truss' 'true' 'wasnt'
  'trans' 'water' 'week' 'yes' 'years' 'year' 'yeah' 'wrong' 'wouldnt'
  'worth' 'worse' 'world' 'works' 'working' 'work' 'wont' 'women' 'win'
  'whats' 'went' 'way' 'services' 'tory' 'today' 'stop' 'state' 'start'
  'starmer' 'spending' 'sort' 'society' 'social' 'snapshot' 'small'
  'situation' 'single' 'simply' 'similar' 'shouldnt' 'shit' 'shes'
  'stuff' 'tories' 'subredditmessagecomposetorukpolitics' 'sunak' 'times'
  'time' 'thought' 'think' 'things' 'thing' 'theyve' 'theyre' 'theres'
  'thats' 'term' 'tell' 'tax' 'talking' 'taking' 'sure' 'support'
  'subredditmessagecomposetorukpolitics questions' 'young' 'man' 'makes'
  'course' 'country' 'countries' 'costs' 'cost' 'contact moderators'
  'contact' 'conservative' 'concerns' 'completely' 'companies' 'comment'
  'coming' 'comes' 'come' 'clearly' 'clear' 'current' 'class' 'currently'
  'days' 'end' 'election' 'economy' 'economic' 'easy' 'dont think'
  'dont know' 'dont' 'doing' 'doesnt' 'does' 'different' 'difference'
  'didnt' 'did' 'despite' 'deal' 'day' 'england' 'claim' 'change'
  'automatically contact' 'automatically' 'asylum' 'article' 'argument'
  'arent' 'archived version' 'archived' 'allowed' 'agree' 'ago' 'age'
  'actually' 'actual' 'action performed' 'action' 'absolutely' 'away'
  'children' 'bad' 'basically' 'certainly' 'case' 'care' 'buy' 'build'
  'british' 'britain' 'brexit' 'bot action' 'bot' 'bit' 'big' 'better'
  'best' 'benefits' 'benefit' 'believe' 'based' 'making' 'entire' 'eu'
  'leave' 'law' 'large' 'labour' 'know' 'kind' 'kids' 'just' 'job' 'ive'
  'issues' 'issue' 'isnt' 'instead' 'increase' 'income' 'immigration'
  'left' 'imagine' 'legal' 'level' 'make' 'majority' 'low' 'lot'
  'looking' 'look' 'long' 'london' 'local' 'living' 'live' 'little'
  'literally' 'line' 'likely' 'like' 'life' 'let' 'especially' 'im sure'
  'ill' 'good' 'going' 'given' 'getting' 'gets' 'general' 'future'
  'fucking' 'free' 'fine' 'feel' 'far' 'fair' 'fact' 'example' 'exactly'
  'evidence' 'got' 'im' 'government' 'group' 'idea' 'id' 'huge' 'housing'
  'house' 'hope' 'home' 'higher' 'high' 'hes' 'help' 'health' 'having'
  'havent' 'hard' 'happen' 'guess' 'great' 'youre']]"
2,"[['able' 'questions' 'question' 'public' 'problems' 'problem' 'probably'
  'private' 'questions concerns' 'pretty' 'post' 'possible' 'position'
  'population' 'poor' 'politics' 'politicians' 'power' 'quite' 'rate'
  'read' 'seen' 'school' 'says' 'saying' 'say' 'said' 'safe' 'rwanda'
  'run' 'risk' 'rights' 'right' 'remember' 'reform' 'reason' 'really'
  'real' 'political' 'policy' 'policies' 'police' 'nhs' 'news' 'new'
  'needs' 'need' 'national' 'mps' 'months' 'money'
  'moderators subredditmessagecomposetorukpolitics' 'moderators' 'media'
  'means' 'mean' 'maybe' 'matter' 'massive' 'number' 'sense' 'numbers'
  'office' 'point' 'pm' 'plan' 'place' 'person' 'performed automatically'
  'performed' 'people' 'paying' 'pay' 'past' 'party' 'parties' 'paid'
  'ones' 'old' 'oh' 'obviously' 'service' 'services' 'set' 'war' 'want'
  'voting' 'voters' 'vote' 'version bot' 'version' 'using' 'used' 'use'
  'unless' 'understand' 'uk' 'trying' 'try' 'truss' 'true' 'wasnt'
  'trans' 'water' 'week' 'yes' 'years' 'year' 'yeah' 'wrong' 'wouldnt'
  'worth' 'worse' 'world' 'works' 'working' 'work' 'wont' 'women' 'win'
  'whats' 'went' 'way' 'market' 'tory' 'today' 'stop' 'state' 'start'
  'starmer' 'spending' 'sort' 'society' 'social' 'snapshot' 'small'
  'situation' 'single' 'simply' 'similar' 'shouldnt' 'shit' 'shes'
  'stuff' 'tories' 'subredditmessagecomposetorukpolitics' 'sunak' 'times'
  'time' 'thought' 'think' 'things' 'thing' 'theyve' 'theyre' 'theres'
  'thats' 'term' 'tell' 'tax' 'talking' 'taking' 'sure' 'support'
  'subredditmessagecomposetorukpolitics questions' 'young' 'man' 'makes'
  'course' 'country' 'countries' 'costs' 'cost' 'contact moderators'
  'contact' 'conservative' 'concerns' 'completely' 'companies' 'comment'
  'coming' 'comes' 'come' 'clearly' 'clear' 'current' 'class' 'currently'
  'days' 'end' 'election' 'economy' 'economic' 'easy' 'dont think'
  'dont know' 'dont' 'doing' 'doesnt' 'does' 'different' 'difference'
  'didnt' 'did' 'despite' 'deal' 'day' 'england' 'claim' 'change'
  'automatically contact' 'automatically' 'asylum' 'article' 'argument'
  'arent' 'archived version' 'archived' 'allowed' 'agree' 'ago' 'age'
  'actually' 'actual' 'action performed' 'action' 'absolutely' 'away'
  'children' 'bad' 'basically' 'certainly' 'case' 'care' 'buy' 'build'
  'british' 'britain' 'brexit' 'bot action' 'bot' 'bit' 'big' 'better'
  'best' 'benefits' 'benefit' 'believe' 'based' 'entire' 'especially'
  'eu' 'leave' 'law' 'large' 'labour' 'know' 'kind' 'kids' 'just' 'job'
  'ive' 'issues' 'issue' 'isnt' 'instead' 'increase' 'income'
  'immigration' 'left' 'imagine' 'legal' 'level' 'make' 'majority' 'low'
  'lot' 'looking' 'look' 'long' 'london' 'local' 'living' 'live' 'little'
  'literally' 'line' 'likely' 'like' 'life' 'let' 'im sure' 'im' 'ill'
  'good' 'going' 'given' 'getting' 'gets' 'general' 'future' 'fucking'
  'free' 'fine' 'feel' 'far' 'fair' 'fact' 'example' 'exactly' 'evidence'
  'got' 'making' 'government' 'group' 'idea' 'id' 'huge' 'housing'
  'house' 'hope' 'home' 'higher' 'great' 'high' 'help' 'health' 'having'
  'havent' 'hard' 'happen' 'guess' 'hes' 'youre' 'removed']]"
3,"[['able' 'questions concerns' 'question' 'public' 'problems' 'problem'
  'probably' 'private' 'quite' 'pretty' 'post' 'possible' 'position'
  'population' 'poor' 'politics' 'politicians' 'power' 'rate' 'read'
  'real' 'sense' 'seen' 'school' 'says' 'saying' 'say' 'said' 'safe'
  'rwanda' 'run' 'risk' 'rights' 'right' 'remember' 'reform' 'reason'
  'really' 'policy' 'service' 'policies' 'point' 'new' 'needs' 'need'
  'national' 'mps' 'months' 'money' 'news'
  'moderators subredditmessagecomposetorukpolitics' 'means' 'mean'
  'maybe' 'matter' 'massive' 'market' 'young' 'media' 'nhs' 'number'
  'numbers' 'pm' 'plan' 'place' 'person' 'performed automatically'
  'performed' 'paying' 'pay' 'past' 'party' 'parties' 'paid' 'ones' 'old'
  'oh' 'office' 'obviously' 'police' 'services' 'set' 'shes' 'war' 'want'
  'voting' 'voters' 'vote' 'version bot' 'version' 'wasnt' 'using' 'use'
  'unless' 'understand' 'uk' 'trying' 'try' 'truss' 'used' 'water' 'way'
  'week' 'yes' 'years' 'year' 'yeah' 'wrong' 'wouldnt' 'worth' 'worse'
  'world' 'works' 'working' 'work' 'wont' 'women' 'win' 'whats' 'went'
  'true' 'trans' 'tory' 'tories' 'stuff' 'stop' 'state' 'start' 'starmer'
  'spending' 'sort' 'society' 'social' 'snapshot' 'small' 'situation'
  'single' 'simply' 'similar' 'shouldnt' 'shit'
  'subredditmessagecomposetorukpolitics' 'making'
  'subredditmessagecomposetorukpolitics questions' 'support' 'today'
  'times' 'time' 'thought' 'think' 'things' 'thing' 'theyve' 'theyre'
  'theres' 'thats' 'term' 'tell' 'tax' 'talking' 'taking' 'sure' 'sunak'
  'makes' 'man' 'majority' 'day' 'currently' 'current' 'course' 'country'
  'countries' 'costs' 'days' 'cost' 'conservative' 'concerns'
  'completely' 'companies' 'coming' 'comes' 'clearly'
  'contact moderators' 'deal' 'despite' 'did' 'make' 'especially'
  'entire' 'england' 'end' 'election' 'economy' 'economic' 'easy'
  'dont think' 'dont know' 'doing' 'doesnt' 'does' 'different'
  'difference' 'didnt' 'clear' 'evidence' 'class' 'children' 'away'
  'automatically contact' 'automatically' 'asylum' 'article' 'argument'
  'arent' 'bad' 'archived version' 'allowed' 'ago' 'age' 'actually'
  'actual' 'action performed' 'absolutely' 'archived' 'based' 'basically'
  'believe' 'change' 'certainly' 'case' 'care' 'buy' 'build' 'british'
  'britain' 'brexit' 'bot action' 'bot' 'bit' 'big' 'better' 'best'
  'benefits' 'benefit' 'claim' 'exactly' 'eu' 'fact' 'large' 'labour'
  'know' 'kind' 'kids' 'just' 'job' 'ive' 'issues' 'issue' 'isnt'
  'instead' 'increase' 'income' 'immigration' 'imagine' 'im sure' 'law'
  'example' 'leave' 'legal' 'low' 'lot' 'looking' 'look' 'long' 'london'
  'local' 'living' 'live' 'little' 'literally' 'line' 'likely' 'like'
  'life' 'level' 'let' 'left' 'ill' 'im' 'idea' 'great' 'government'
  'got' 'good' 'going' 'given' 'getting' 'gets' 'future' 'fucking' 'free'
  'fine' 'feel' 'far' 'fair' 'guess' 'happen' 'group' 'havent' 'id'
  'huge' 'housing' 'house' 'hard' 'hope' 'home' 'youre' 'high' 'hes'
  'having' 'help' 'health' 'higher' 'dont' 'come' 'political' 'agree'
  'questions' 'action' 'removed' 'general' 'contact' 'moderators'
  'people' 'comment']]"
4,"[['able' 'questions concerns' 'public' 'problems' 'problem' 'probably'
  'private' 'pretty' 'quite' 'power' 'position' 'population' 'poor'
  'politics' 'politicians' 'political' 'policy' 'possible' 'rate' 'read'
  'real' 'sense' 'seen' 'school' 'says' 'saying' 'say' 'said' 'safe'
  'rwanda' 'run' 'risk' 'rights' 'right' 'remember' 'reform' 'reason'
  'really' 'policies' 'service' 'police' 'pm' 'needs' 'need' 'national'
  'mps' 'months' 'money'
  'moderators subredditmessagecomposetorukpolitics' 'new' 'media' 'mean'
  'maybe' 'matter' 'massive' 'market' 'young' 'making' 'means' 'news'
  'nhs' 'number' 'plan' 'person' 'performed automatically' 'performed'
  'people' 'paying' 'pay' 'past' 'party' 'parties' 'paid' 'ones' 'old'
  'oh' 'office' 'obviously' 'numbers' 'point' 'makes' 'services' 'shes'
  'war' 'want' 'voting' 'voters' 'vote' 'version bot' 'version' 'wasnt'
  'using' 'use' 'unless' 'understand' 'uk' 'try' 'truss' 'true' 'used'
  'water' 'way' 'week' 'yes' 'years' 'year' 'yeah' 'wrong' 'wouldnt'
  'worth' 'worse' 'world' 'works' 'working' 'work' 'wont' 'women' 'win'
  'whats' 'went' 'trans' 'set' 'tory' 'today' 'stop' 'state' 'start'
  'starmer' 'spending' 'sort' 'society' 'stuff' 'social' 'small'
  'situation' 'single' 'simply' 'similar' 'shouldnt' 'shit' 'snapshot'
  'subredditmessagecomposetorukpolitics'
  'subredditmessagecomposetorukpolitics questions' 'sunak' 'times' 'time'
  'thought' 'think' 'things' 'thing' 'theyve' 'theyre' 'theres' 'thats'
  'term' 'tell' 'tax' 'talking' 'taking' 'sure' 'support' 'tories' 'make'
  'man' 'especially' 'day' 'currently' 'current' 'course' 'country'
  'countries' 'costs' 'days' 'cost' 'conservative' 'concerns'
  'completely' 'companies' 'coming' 'comes' 'come' 'contact moderators'
  'deal' 'despite' 'did' 'majority' 'entire' 'england' 'end' 'election'
  'economy' 'economic' 'easy' 'dont think' 'dont know' 'dont' 'doing'
  'doesnt' 'does' 'different' 'difference' 'didnt' 'clear' 'class'
  'claim' 'children' 'automatically contact' 'automatically' 'asylum'
  'article' 'argument' 'arent' 'archived version' 'archived' 'allowed'
  'agree' 'ago' 'age' 'actually' 'actual' 'action performed' 'action'
  'absolutely' 'away' 'eu' 'bad' 'believe' 'change' 'certainly' 'case'
  'care' 'buy' 'build' 'british' 'britain' 'brexit' 'bot action' 'bot'
  'bit' 'big' 'better' 'best' 'benefits' 'benefit' 'basically' 'evidence'
  'youre' 'example' 'know' 'kind' 'kids' 'just' 'job' 'ive' 'issues'
  'labour' 'issue' 'instead' 'increase' 'income' 'immigration' 'imagine'
  'im sure' 'im' 'isnt' 'large' 'law' 'leave' 'lot' 'looking' 'look'
  'long' 'london' 'local' 'living' 'live' 'little' 'literally' 'line'
  'likely' 'like' 'life' 'let' 'legal' 'left' 'exactly' 'idea' 'ill'
  'guess' 'id' 'great' 'government' 'got' 'good' 'going' 'happen' 'given'
  'gets' 'far' 'general' 'feel' 'future' 'fucking' 'getting' 'hard'
  'fine' 'having' 'health' 'huge' 'housing' 'fact' 'help' 'hes' 'high'
  'house' 'havent' 'fair' 'higher' 'home' 'hope' 'place' 'free' 'clearly'
  'trying' 'question' 'post' 'based' 'level' 'group' 'low' 'questions'
  'contact' 'moderators' 'comment' 'removed']]"
5,"[['youre' 'stuff' 'similar' 'shit' 'sense' 'pretty' 'population'
  'difference' 'dont think' 'old' 'oh' 'entire' 'especially' 'certainly'
  'exactly' 'maybe' 'fair' 'fucking' 'lot' 'literally' 'kind' 'kids'
  'havent' 'issues' 'instead' 'imagine' 'im sure' 'example' 'taking'
  'idea' 'wasnt' 'theyve' 'unless' 'arent' 'basically' 'based' 'trans'
  'yeah' 'wouldnt' 'probably' 'reason' 'dont know' 'away' 'true' 'agree'
  'looking' 'talking' 'happen' 'shouldnt' 'parties' 'paid' 'massive'
  'tell' 'guess' 'easy' 'clear' 'poor' 'ones' 'situation' 'society'
  'months' 'went' 'actually' 'issue' 'things' 'having' 'theres' 'getting'
  'mean' 'course' 'removed' 'let' 'sort' 'trying' 'understand' 'article'
  'means' 'simply' 'build' 'term' 'using' 'shes' 'large' 'gets' 'higher'
  'im' 'rate' 'huge' 'income' 'hope' 'safe' 'theyre' 'sure' 'bit' 'seen'
  'thats' 'absolutely' 'far' 'obviously' 'majority' 'care' 'making'
  'real' 'life' 'high' 'feel' 'try' 'paying' 'currently' 'age' 'matter'
  'yes' 'companies' 'thing' 'school' 'run' 'buy' 'problems' 'did' 'costs'
  'number' 'position' 'argument' 'able' 'likely' 'didnt' 'makes' 'fact'
  'country' 'evidence' 'best' 'ago' 'countries' 'money' 'needs' 'actual'
  'completely' 'start' 'got' 'man' 'numbers' 'increase' 'look' 'past'
  'level' 'possible' 'service' 'allowed' 'fine' 'ill' 'id' 'saying'
  'remember' 'worse' 'used' 'better' 'different' 'comes' 'group'
  'immigration' 'clearly' 'really' 'thought' 'going' 'ive' 'bad'
  'services' 'market' 'know' 'little' 'class' 'politicians' 'support'
  'way' 'does' 'problem' 'big' 'make' 'cost' 'place' 'help' 'social'
  'whats' 'small' 'local' 'post' 'benefit' 'working' 'benefits' 'quite'
  'win' 'risk' 'wrong' 'dont' 'hes' 'media' 'isnt' 'line' 'policies'
  'economic' 'doing' 'living' 'low' 'person' 'long' 'worth' 'hard'
  'despite' 'power' 'work' 'current' 'free' 'legal' 'year' 'left' 'week'
  'state' 'given' 'said' 'good' 'single' 'day' 'wont' 'policy' 'leave'
  'believe' 'claim' 'economy' 'young' 'days' 'future' 'just' 'point'
  'change' 'coming' 'stop' 'pm' 'times' 'end' 'job' 'set' 'come' 'today'
  'health' 'general' 'case' 'law' 'national' 'doesnt' 'deal' 'great'
  'pay' 'women' 'comment' 'right' 'like' 'think' 'political' 'world'
  'children' 'private' 'eu' 'politics' 'housing' 'public' 'use'
  'spending' 'brexit' 'live' 'vote' 'say' 'want' 'house' 'home' 'war'
  'conservative' 'years' 'time' 'works' 'need' 'voters' 'voting'
  'question' 'rights' 'people' 'water' 'office' 'tories' 'asylum'
  'london' 'read' 'tax' 'truss' 'british' 'mps' 'nhs' 'news' 'reform'
  'government' 'starmer' 'party' 'england' 'police' 'britain' 'plan'
  'rwanda' 'tory' 'new' 'sunak' 'election' 'says' 'labour' 'uk'
  'questions' 'action' 'concerns' 'contact' 'automatically' 'moderators'
  'performed' 'archived' 'snapshot' 'archived version' 'version bot'
  'bot' 'bot action' 'questions concerns' 'action performed'
  'subredditmessagecomposetorukpolitics questions'
  'subredditmessagecomposetorukpolitics'
  'moderators subredditmessagecomposetorukpolitics' 'contact moderators'
  'automatically contact' 'performed automatically' 'version']]"
6,"[['able' 'question' 'public' 'problems' 'problem' 'probably' 'private'
  'pretty' 'questions' 'power' 'possible' 'position' 'population' 'poor'
  'politics' 'politicians' 'political' 'post' 'questions concerns'
  'quite' 'rate' 'school' 'says' 'saying' 'say' 'safe' 'rwanda' 'run'
  'risk' 'rights' 'right' 'removed' 'remember' 'reform' 'reason' 'really'
  'real' 'read' 'policy' 'seen' 'policies' 'point' 'needs' 'need'
  'national' 'mps' 'months' 'money'
  'moderators subredditmessagecomposetorukpolitics' 'new' 'moderators'
  'means' 'mean' 'maybe' 'matter' 'massive' 'market' 'young' 'media'
  'news' 'nhs' 'number' 'pm' 'plan' 'place' 'person'
  'performed automatically' 'performed' 'people' 'paying' 'pay' 'past'
  'party' 'parties' 'paid' 'ones' 'old' 'office' 'numbers' 'police'
  'sense' 'service' 'services' 'voting' 'voters' 'vote' 'version bot'
  'version' 'using' 'used' 'want' 'use' 'understand' 'uk' 'trying' 'try'
  'truss' 'true' 'trans' 'unless' 'war' 'wasnt' 'water' 'years' 'year'
  'wrong' 'wouldnt' 'worth' 'worse' 'world' 'works' 'working' 'work'
  'wont' 'women' 'win' 'whats' 'went' 'week' 'way' 'tory' 'tories'
  'today' 'times' 'state' 'start' 'starmer' 'spending' 'sort' 'society'
  'social' 'snapshot' 'small' 'situation' 'single' 'simply' 'similar'
  'shouldnt' 'shit' 'shes' 'set' 'stop' 'making' 'stuff'
  'subredditmessagecomposetorukpolitics questions' 'time' 'thought'
  'think' 'things' 'thing' 'theyve' 'theyre' 'theres' 'thats' 'term'
  'tell' 'tax' 'talking' 'taking' 'sure' 'support' 'sunak'
  'subredditmessagecomposetorukpolitics' 'makes' 'man' 'majority'
  'current' 'course' 'country' 'countries' 'costs' 'cost'
  'contact moderators' 'contact' 'conservative' 'concerns' 'completely'
  'companies' 'comment' 'coming' 'comes' 'come' 'clearly' 'currently'
  'clear' 'day' 'deal' 'england' 'end' 'election' 'economy' 'economic'
  'easy' 'dont think' 'dont know' 'dont' 'doing' 'doesnt' 'does'
  'different' 'difference' 'didnt' 'did' 'despite' 'days' 'make' 'class'
  'children' 'away' 'automatically contact' 'automatically' 'asylum'
  'article' 'argument' 'arent' 'archived version' 'archived' 'allowed'
  'agree' 'ago' 'age' 'actually' 'actual' 'action performed' 'action'
  'bad' 'claim' 'based' 'believe' 'change' 'certainly' 'case' 'care'
  'buy' 'build' 'british' 'britain' 'brexit' 'bot action' 'bot' 'bit'
  'big' 'better' 'best' 'benefits' 'benefit' 'basically' 'especially'
  'entire' 'evidence' 'large' 'labour' 'know' 'kind' 'kids' 'just' 'job'
  'law' 'ive' 'issue' 'isnt' 'instead' 'increase' 'income' 'immigration'
  'eu' 'issues' 'leave' 'left' 'legal' 'low' 'lot' 'looking' 'look'
  'long' 'london' 'local' 'living' 'live' 'little' 'literally' 'line'
  'likely' 'like' 'life' 'level' 'let' 'im sure' 'im' 'imagine' 'idea'
  'ill' 'good' 'going' 'given' 'getting' 'gets' 'general' 'future'
  'fucking' 'free' 'fine' 'feel' 'far' 'fair' 'fact' 'example' 'exactly'
  'government' 'great' 'got' 'guess' 'id' 'huge' 'housing' 'house' 'hope'
  'home' 'group' 'high' 'higher' 'help' 'health' 'having' 'havent' 'hard'
  'happen' 'youre' 'said' 'obviously' 'oh' 'hes' 'yeah' 'absolutely'
  'yes']]"
7,"[['performed automatically' 'automatically contact' 'bot action'
  'action performed' 'questions concerns'
  'subredditmessagecomposetorukpolitics'
  'subredditmessagecomposetorukpolitics questions' 'contact moderators'
  'moderators subredditmessagecomposetorukpolitics' 'version bot'
  'archived version' 'moderators' 'archived' 'snapshot' 'bot' 'performed'
  'contact' 'automatically' 'concerns' 'version' 'removed' 'action'
  'questions' 'despite' 'similar' 'currently' 'entire' 'easy' 'future'
  'past' 'problems' 'situation' 'difference' 'position' 'today' 'havent'
  'rate' 'certainly' 'huge' 'spending' 'companies' 'unless' 'parties'
  'deal' 'set' 'costs' 'large' 'works' 'worth' 'risk' 'age' 'politicians'
  'office' 'simply' 'service' 'massive' 'fine' 'economic' 'possible'
  'dont know' 'safe' 'obviously' 'months' 'win' 'clear' 'britain'
  'benefits' 'benefit' 'numbers' 'policies' 'remember' 'hope' 'single'
  'claim' 'services' 'poor' 'guess' 'especially' 'allowed' 'comes'
  'actual' 'class' 'week' 'sort' 'level' 'ill' 'line' 'national' 'coming'
  'higher' 'matter' 'income' 'pm' 'comment' 'increase' 'went' 'low'
  'society' 'tell' 'taking' 'plan' 'school' 'buy' 'ones' 'england' 'term'
  'happen' 'shouldnt' 'starmer' 'stuff' 'clearly' 'run' 'group' 'times'
  'looking' 'argument' 'im sure' 'mps' 'fucking' 'general' 'build'
  'paying' 'sense' 'young' 'using' 'kind' 'basically' 'paid' 'theyve'
  'asylum' 'population' 'voters' 'women' 'oh' 'imagine' 'whats'
  'conservative' 'living' 'gets' 'rights' 'leave' 'market' 'social'
  'based' 'voting' 'talking' 'days' 'small' 'says' 'completely' 'try'
  'water' 'example' 'legal' 'help' 'immigration' 'economy' 'ago' 'read'
  'evidence' 'let' 'start' 'instead' 'little' 'health' 'housing' 'man'
  'shes' 'issues' 'politics' 'seen' 'post' 'current' 'private' 'media'
  'truss' 'worse' 'needs' 'fair' 'number' 'local' 'article' 'understand'
  'hard' 'high' 'news' 'old' 'trans' 'reform' 'real' 'free' 'dont think'
  'course' 'majority' 'able' 'feel' 'rwanda' 'away' 'kids' 'cost' 'nhs'
  'war' 'shit' 'best' 'place' 'children' 'true' 'home' 'making'
  'literally' 'means' 'wasnt' 'question' 'great' 'working' 'sunak'
  'thought' 'makes' 'likely' 'big' 'life' 'care' 'fact' 'countries'
  'given' 'end' 'exactly' 'power' 'live' 'believe' 'quite' 'eu' 'job'
  'change' 'absolutely' 'reason' 'law' 'case' 'trying' 'idea' 'brexit'
  'london' 'support' 'person' 'wrong' 'world' 'used' 'stop' 'maybe'
  'agree' 'british' 'house' 'left' 'political' 'different' 'pretty' 'bit'
  'come' 'wouldnt' 'yeah' 'state' 'wont' 'policy' 'issue' 'having'
  'arent' 'day' 'getting' 'bad' 'ive' 'saying' 'long' 'use' 'look'
  'police' 'far' 'public' 'doing' 'mean' 'hes' 'problem' 'id' 'probably'
  'new' 'pay' 'better' 'election' 'got' 'year' 'sure' 'didnt' 'things'
  'yes' 'tory' 'vote' 'said' 'lot' 'does' 'thing' 'theres' 'money'
  'theyre' 'youre' 'did' 'doesnt' 'point' 'tories' 'party' 'actually'
  'work' 'country' 'say' 'isnt' 'way' 'make' 'tax' 'know' 'need' 'good'
  'want' 'years' 'government' 'really' 'going' 'right' 'labour' 'time'
  'thats' 'uk' 'im' 'think' 'dont' 'like' 'just' 'people']]"
-1,"[['man' 'problems' 'problem' 'probably' 'private' 'pretty' 'power'
  'position' 'population' 'poor' 'politicians' 'political' 'policy'
  'policies' 'point' 'plan' 'public' 'person' 'question' 'quite' 'school'
  'says' 'saying' 'say' 'safe' 'rwanda' 'run' 'risk' 'rights' 'remember'
  'reform' 'reason' 'really' 'real' 'rate' 'questions concerns'
  'performed automatically' 'performed' 'paying' 'means' 'mean' 'maybe'
  'matter' 'massive' 'market' 'young' 'making' 'makes' 'make' 'majority'
  'low' 'lot' 'looking' 'look' 'media' 'moderators'
  'moderators subredditmessagecomposetorukpolitics' 'money' 'pay' 'paid'
  'ones' 'old' 'oh' 'office' 'obviously' 'sense' 'numbers' 'nhs' 'news'
  'needs' 'need' 'national' 'mps' 'months' 'number' 'long' 'service'
  'shes' 'wasnt' 'war' 'want' 'voting' 'voters' 'version bot' 'version'
  'using' 'used' 'use' 'unless' 'understand' 'uk' 'trying' 'try' 'water'
  'truss' 'way' 'went' 'yes' 'years' 'year' 'wrong' 'wouldnt' 'worth'
  'worse' 'world' 'works' 'working' 'work' 'wont' 'women' 'win' 'whats'
  'week' 'true' 'trans' 'tories' 'stuff' 'stop' 'state' 'starmer'
  'spending' 'sort' 'society' 'social' 'snapshot' 'small' 'situation'
  'simply' 'similar' 'shouldnt' 'shit'
  'subredditmessagecomposetorukpolitics'
  'subredditmessagecomposetorukpolitics questions' 'sunak' 'support'
  'today' 'time' 'thought' 'think' 'things' 'thing' 'theyve' 'set'
  'theyre' 'thats' 'term' 'tell' 'tax' 'talking' 'taking' 'sure' 'theres'
  'living' 'youre' 'exactly' 'different' 'difference' 'didnt' 'did'
  'despite' 'deal' 'currently' 'course' 'country' 'countries' 'costs'
  'cost' 'contact moderators' 'contact' 'conservative' 'does' 'concerns'
  'doesnt' 'dont' 'fair' 'fact' 'example' 'actually' 'archived'
  'evidence' 'eu' 'especially' 'entire' 'end' 'economy' 'easy' 'age'
  'dont think' 'dont know' 'doing' 'far' 'completely' 'coming' 'big'
  'better' 'best' 'benefits' 'benefit' 'believe' 'basically' 'based'
  'bad' 'automatically contact' 'asylum' 'article' 'argument' 'arent'
  'archived version' 'bit' 'companies' 'bot' 'brexit' 'comes' 'come'
  'ago' 'clear' 'class' 'claim' 'children' 'change' 'certainly' 'agree'
  'care' 'buy' 'build' 'british' 'britain' 'bot action' 'feel' 'allowed'
  'higher' 'job' 'having' 'line' 'health' 'issues' 'issue' 'likely'
  'isnt' 'instead' 'increase' 'high' 'income' 'life' 'home' 'immigration'
  'action' 'fine' 'hope' 'house' 'housing' 'huge' 'action performed'
  'imagine' 'im sure' 'hard' 'havent' 'guess' 'level' 'fucking' 'legal'
  'literally' 'left' 'gets' 'law' 'getting' 'given' 'going' 'good'
  'happen' 'got' 'large' 'labour' 'absolutely' 'kind' 'government'
  'great' 'group' 'kids' 'im' 'just' 'like' 'know' 'said' 'election'
  'day' 'away' 'seen' 'little' 'let' 'idea' 'post' 'questions' 'ill'
  'ive' 'right' 'tory' 'hes' 'yeah' 'party' 'people' 'current' 'general'
  'economic' 'vote' 'free' 'police' 'able' 'place' 'help' 'politics'
  'automatically' 'leave' 'times' 'single' 'read' 'possible' 'days'
  'actual' 'comment' 'parties' 'future' 'start' 'london' 'live' 'id' 'pm'
  'new' 'case' 'removed' 'clearly' 'services' 'past' 'england' 'local']]"
