Keyword,Relevant
EU,1
Brexit,1
EU.,1
Labour,1
Tories,1
referendum,1
immigration,1
Farage,1
tories,1
Conservatives,1
elections,1
parliamentary,1
FPTP,1
coalition,1
Westminster,1
EEA,1
WTO,1
ECHR,1
EFTA,1
UKIP,1
reforms,1
EEC,1
Greece,0
reunification,0
MEP,1
SNP,1
undemocratic,0
austerity,0
Immigration,1
referendums,1
UKIP.,1
Greens,1
Labor,1
referenda,1
eurozone,1
ECB,0
LibDems,1
Unionist,1
FPTP.,1
IMF,1
Eurozone,1
devolution,1
Ukip,1
Referendum,1
Elections,1
Coalition,1
parliaments,1
federalism,0
Draghi,0
Opposition,1
Eurosceptics,1
eurosceptic,1
eurosceptics,1
Austerity,0
rUK,1
Juncker,1
CETA,1
TTIP,1
SNP.,1
federalization,0
privatisation,0
E.U.,1
plebiscite,1
ECB.,0
Nigel_Farage,1
federalisation,0
Holyrood,1
Miliband,1
people,1
time,0
reddit,0
market,1
single,0
Ireland,1
democracy,1
France,0
European,1
Europe,1
Northern,1
Leave,1
movement,1
Spain,0
Russia,0
Union,1
Germany,0
Brussels,0
Ukraine,0
euro,1
freedom,1
right,1
government,1
trade,1
London,1
England,1
Canada,0
tax,1
Single,1
red,0
passport,1
Schengen,1
Market,1
Boris,1
europe,1
free,1
China,0
sovereignty,1
Poland,0
wikipedia,0
Johnson,1
europa,1
reason,0
Nigel,1
party,1
brexit,1
wing,1
compose brexit,1
bot action,0
civil discussion,0
uk,1
rules,1
familiarise subs,0
eu,1
archive,0
just,0
british,1
like,0
tory,1
europeanunion questions,1
boris,1
single market,1
farage,1
brexit benefit,1
voted,1
ireland,1
vote,1
contact moderators,0
yes,0
article,0
note politico,1
labour,1
think,0
rejoin,1
brexit means,1
brexiters,1
lol,0
britain,1
clickbait,0
eu membership,1
know,0
don,0
stupid,0
nigel,1
https,0
freedom movement,1
good,0
did,0
https archive,0
rejoin eu,1
benefit,1
irish,1
